AA_substitution	relative_activity	standard_deviation
A16V	0.42	0.005
V117A	N/A	N/A
P118S	0.5	0.071
Y131S	0.04	0.022
V135G	0.21	0.045
T137M	0.25	0.061
S141T	0.34	0.026
R152Q	0.35	0.071
I154T	0.04	0.031
A158S	0.1	0.025
S169N	0.76	0.091
A181D	0.54	0.031
G183A	0.11	0.036
N190S	0.69	0.08
F192L	0.28	0.033
F198Y	0.44	0.032
G202R	0.4	0.109
M204I	0.23	0.061
D211N	0.7	0.067
P216S	0.67	0.055
P216R	0.57	0.028
Q222E	0.47	0.031
Y224C	0.34	0.023
R228Q	0.53	0.064
R228W	0.16	0.008
G237D	0.06	0.033
P243S	0.21	0.051
A244T	0.2	0.027
E251K	0.18	0.087
V253I	1.13	0.041
T254I	0.67	0.064
V260I	0.69	0.028
N261S	0.72	0.03
T263M	0.93	0.163
G269D	0.89	0.153
C273R	0.19	0.139
S276F	0.07	0.039
L281P	0.06	0.028
P283L	1.19	0.057
I290V	0.21	0.035
I291L	1.08	0.204
L294F	0.96	0.088
R297Q	1.05	0.172
I300T	0.92	0.242
D306G	0.58	0.06
I308T	0.34	0.058
G310A	0.68	0.109
G310V	0.06	0.029
S322L	0.74	0.118
L327F	0.09	0.047
A329T	0.87	0.15
T332I	0.81	0.02
V334I	0.76	0.093
M338I	0.59	0.051
T339P	0.05	0.017
A340T	0.95	0.01
L349F	0.08	0.027
G351A	0.64	0.101
F354S	0.07	0.01
Q355K	0.65	0.112
W361S	0.07	0.029
I366M	0.59	0.097
V369L	0.14	0.037
P374S	0.77	0.127
R375H	0.4	0.064
R375C	0.25	0.023
R377H	0.06	0.036
R377C	0.15	0.048
A385V	0.03	0.019
E386K	0.03	0.018
R393H	0.85	0.145
Q398K	0.5	0.016
G399V	0.05	0.025
W404C	0.02	0.018
H408Y	0.04	0.022
E421K	0.33	0.056
G426A	0.09	0.021
R431C	0.05	0.021
N435T	0.3	0.048
T437S	0.96	0.071
T441M	0.49	0.048
A444V	0.93	0.067
A444D	0.04	0.012
P445S	0.04	0.011
S449N	0.21	0.065
V454F	0.04	0.017
Y455S	0.03	0.023
S456F	0.23	0.042
G462R	0.03	0.026
R464Q	0.03	0.015
S477T	1.01	0.077
A479T	0.2	0.043
A480T	0.43	0.077
R481W	0.09	0.014
P488L	0.39	0.075
A490T	0.58	0.06
G491A	0.67	0.098
A493V	0.18	0.033
L496P	0.05	0.026
R499W	0.25	0.017
R499Q	0.53	0.105
N503S	0.33	0.04
G506E	0.55	0.057
C509Y	0.37	0.025
N513S	0.05	0.017
R514H	0.96	0.112
R514C	0.51	0.082
S522F	0.19	0.07
Q524R	0.86	0.09
R533Q	0.56	0.094
V536M	0.45	0.113
R541Q	0.4	0.056
L542R	0.47	0.068
L542P	0.05	0.047
A547T	0.57	0.088
A555T	0.97	0.088
R557L	0.48	0.05
R557C	0.48	0.086
D559N	0.04	0.029
D559H	0.07	0.012
L563H	0.07	0.022
V568G	0.13	0.028
S573G	0.57	0.034
Y575C	0.52	0.032
G595R	0.82	0.111
G596C	1.02	0.073
V597I	1.02	0.129
V597L	0.66	0.129
E608K	0.44	0.075
R615C	0.17	0.048
S620G	0.93	0.073
R626Q	0.29	0.046
R626G	0.26	0.075
A627V	0.08	0.001
A628V	0.87	0.042
V630G	1.11	0.088
V630I	0.77	0.065
A633G	0.71	0.119
D636N	0.69	0.086
Q640R	0.79	0.131
Q645P	0.05	0.039
W649S	0.03	0.016
P673S	0.25	0.045
R676W	0.26	0.053
A681V	0.86	0.045
V686A	0.44	0.116
Q688R	0.67	0.062
H695Y	0.45	0.12
Q703H	0.46	0.112
V709I	0.62	0.197
L710V	0.94	0.147
R714M	0.56	0.11
Q718H	0.81	0.09
R720Q	N/A	N/A
D722N	0.93	0.125
K729Q	0.9	0.117
K729R	0.08	0.029
F731V	0.76	0.124
P736L	0.73	0.145
R737G	1.08	0.035
R737S	0.69	0.09
R737H	0.66	0.09
R737C	0.46	0.060
A740P	0.59	0.143
G741S	0.94	0.104
